{
    "dataVersion": 1,
    "bodyType": 1,
    "skinColor": {
        "r": 1.0,
        "g": 0.7647058963775635,
        "b": 0.6392157077789307,
        "a": 1.0
    },
    "tintColor": {
        "r": 1.0,
        "g": 1.0,
        "b": 1.0,
        "a": 1.0
    },
    "slotData": [
        {
            "category": 0,
            "partName": "Fantasy 07 Female",
            "partPackage": "Fantasy",
            "color1": {
                "r": 0.08454610407352448,
                "g": 0.08454610407352448,
                "b": 0.08454610407352448,
                "a": 1.0
            },
            "color2": {
                "r": 0.10042256861925125,
                "g": 0.09599929302930832,
                "b": 0.09599929302930832,
                "a": 1.0
            },
            "color3": {
                "r": 0.08851521462202072,
                "g": 0.08567041903734207,
                "b": 0.08567041903734207,
                "a": 1.0
            }
        },
        {
            "category": 1,
            "partName": "Fantasy 10",
            "partPackage": "Fantasy",
            "color1": {
                "r": 0.06073140352964401,
                "g": 0.05998481437563896,
                "b": 0.05998481437563896,
                "a": 1.0
            },
            "color2": {
                "r": 0.06073140352964401,
                "g": 0.060707952827215198,
                "b": 0.060707952827215198,
                "a": 1.0
            },
            "color3": {
                "r": 0.0686696395277977,
                "g": 0.06700777262449265,
                "b": 0.06700777262449265,
                "a": 1.0
            }
        },
        {
            "category": 2,
            "partName": "00",
            "partPackage": "Base",
            "color1": {
                "r": 0.5,
                "g": 0.5,
                "b": 0.5,
                "a": 1.0
            },
            "color2": {
                "r": 0.5,
                "g": 0.5,
                "b": 0.5,
                "a": 1.0
            },
            "color3": {
                "r": 0.5,
                "g": 0.5,
                "b": 0.5,
                "a": 1.0
            }
        },
        {
            "category": 3,
            "partName": "01",
            "partPackage": "Base",
            "color1": {
                "r": 0.1568627506494522,
                "g": 0.1568627506494522,
                "b": 0.1568627506494522,
                "a": 1.0
            },
            "color2": {
                "r": 0.1568627506494522,
                "g": 0.1568627506494522,
                "b": 0.1568627506494522,
                "a": 1.0
            },
            "color3": {
                "r": 0.1568627506494522,
                "g": 0.1568627506494522,
                "b": 0.1568627506494522,
                "a": 1.0
            }
        },
        {
            "category": 4,
            "partName": "00",
            "partPackage": "Base",
            "color1": {
                "r": 0.41911762952804568,
                "g": 0.41911762952804568,
                "b": 0.41911762952804568,
                "a": 1.0
            },
            "color2": {
                "r": 0.41911762952804568,
                "g": 0.41911762952804568,
                "b": 0.41911762952804568,
                "a": 1.0
            },
            "color3": {
                "r": 0.41911762952804568,
                "g": 0.41911762952804568,
                "b": 0.41911762952804568,
                "a": 1.0
            }
        },
        {
            "category": 5,
            "partName": "",
            "partPackage": "",
            "color1": {
                "r": 0.3019607961177826,
                "g": 0.1921568661928177,
                "b": 0.1921568661928177,
                "a": 1.0
            },
            "color2": {
                "r": 0.3019607961177826,
                "g": 0.1921568661928177,
                "b": 0.1921568661928177,
                "a": 1.0
            },
            "color3": {
                "r": 0.3019607961177826,
                "g": 0.1921568661928177,
                "b": 0.1921568661928177,
                "a": 1.0
            }
        },
        {
            "category": 6,
            "partName": "Fantasy 07",
            "partPackage": "Fantasy",
            "color1": {
                "r": 0.08454610407352448,
                "g": 0.08216442912817002,
                "b": 0.08216442912817002,
                "a": 1.0
            },
            "color2": {
                "r": 0.07263875007629395,
                "g": 0.06713276356458664,
                "b": 0.06713276356458664,
                "a": 1.0
            },
            "color3": {
                "r": 0.10042256861925125,
                "g": 0.0971950814127922,
                "b": 0.0971950814127922,
                "a": 1.0
            }
        },
        {
            "category": 7,
            "partName": "",
            "partPackage": "",
            "color1": {
                "r": 0.1568627506494522,
                "g": 0.1568627506494522,
                "b": 0.1568627506494522,
                "a": 1.0
            },
            "color2": {
                "r": 0.1568627506494522,
                "g": 0.1568627506494522,
                "b": 0.1568627506494522,
                "a": 1.0
            },
            "color3": {
                "r": 0.1568627506494522,
                "g": 0.1568627506494522,
                "b": 0.1568627506494522,
                "a": 1.0
            }
        },
        {
            "category": 8,
            "partName": "Fantasy 08",
            "partPackage": "Fantasy",
            "color1": {
                "r": 0.12026815116405487,
                "g": 0.11592546105384827,
                "b": 0.11592546105384827,
                "a": 1.0
            },
            "color2": {
                "r": 0.0686696395277977,
                "g": 0.06564497202634812,
                "b": 0.06564497202634812,
                "a": 1.0
            },
            "color3": {
                "r": 1.0,
                "g": 1.0,
                "b": 1.0,
                "a": 1.0
            }
        },
        {
            "category": 9,
            "partName": "00",
            "partPackage": "Base",
            "color1": {
                "r": 0.8784313797950745,
                "g": 0.4745098352432251,
                "b": 0.4549019932746887,
                "a": 1.0
            },
            "color2": {
                "r": 0.8784313797950745,
                "g": 0.4745098352432251,
                "b": 0.4549019932746887,
                "a": 1.0
            },
            "color3": {
                "r": 0.8784313797950745,
                "g": 0.4745098352432251,
                "b": 0.4549019932746887,
                "a": 1.0
            }
        },
        {
            "category": 10,
            "partName": "01",
            "partPackage": "Base",
            "color1": {
                "r": 0.5,
                "g": 0.5,
                "b": 0.5,
                "a": 1.0
            },
            "color2": {
                "r": 0.5,
                "g": 0.5,
                "b": 0.5,
                "a": 1.0
            },
            "color3": {
                "r": 0.5,
                "g": 0.5,
                "b": 0.5,
                "a": 1.0
            }
        },
        {
            "category": 11,
            "partName": "Fantasy Set 01 Female",
            "partPackage": "Fantasy",
            "color1": {
                "r": 0.06073140352964401,
                "g": 0.05733325332403183,
                "b": 0.05733325332403183,
                "a": 1.0
            },
            "color2": {
                "r": 0.05676228925585747,
                "g": 0.055839184671640399,
                "b": 0.055839184671640399,
                "a": 1.0
            },