{
    "dataVersion": 1,
    "bodyType": 1,
    "skinColor": {
        "r": 1.0,
        "g": 0.7647058963775635,
        "b": 0.6392157077789307,
        "a": 1.0
    },
    "tintColor": {
        "r": 1.0,
        "g": 1.0,
        "b": 1.0,
        "a": 1.0
    },
    "slotData": [
        {
            "category": 0,
            "partName": "Fantasy 08 Female",
            "partPackage": "Fantasy",
            "color1": {
                "r": 0.11712030321359635,
                "g": 0.1740380972623825,
                "b": 0.25918781757354739,
                "a": 1.0
            },
            "color2": {
                "r": 0.9450980424880981,
                "g": 0.8117647171020508,
                "b": 0.5215686559677124,
                "a": 1.0
            },
            "color3": {
                "r": 0.11764704436063767,
                "g": 0.17254900932312013,
                "b": 0.25882354378700259,
                "a": 1.0
            }
        },
        {
            "category": 1,
            "partName": "Fantasy Set 02",
            "partPackage": "Fantasy",
            "color1": {
                "r": 0.11764704436063767,
                "g": 0.17254900932312013,
                "b": 0.25882354378700259,
                "a": 1.0
            },
            "color2": {
                "r": 0.9450980424880981,
                "g": 0.8117647171020508,
                "b": 0.5215686559677124,
                "a": 1.0
            },
            "color3": {
                "r": 0.19568176567554475,
                "g": 0.12738530337810517,
                "b": 0.0666763186454773,
                "a": 1.0
            }
        },
        {
            "category": 2,
            "partName": "00",
            "partPackage": "Base",
            "color1": {
                "r": 0.5,
                "g": 0.5,
                "b": 0.5,
                "a": 1.0
            },
            "color2": {
                "r": 0.5,
                "g": 0.5,
                "b": 0.5,
                "a": 1.0
            },
            "color3": {
                "r": 0.5,
                "g": 0.5,
                "b": 0.5,
                "a": 1.0
            }
        },
        {
            "category": 3,
            "partName": "01",
            "partPackage": "Base",
            "color1": {
                "r": 0.8784313797950745,
                "g": 0.4745098352432251,
                "b": 0.4549019932746887,
                "a": 1.0
            },
            "color2": {
                "r": 0.8784313797950745,
                "g": 0.4745098352432251,
                "b": 0.4549019932746887,
                "a": 1.0
            },
            "color3": {
                "r": 0.8784313797950745,
                "g": 0.4745098352432251,
                "b": 0.4549019932746887,
                "a": 1.0
            }
        },
        {
            "category": 4,
            "partName": "00",
            "partPackage": "Base",
            "color1": {
                "r": 0.41911762952804568,
                "g": 0.41911762952804568,
                "b": 0.41911762952804568,
                "a": 1.0
            },
            "color2": {
                "r": 0.41911762952804568,
                "g": 0.41911762952804568,
                "b": 0.41911762952804568,
                "a": 1.0
            },
            "color3": {
                "r": 0.41911762952804568,
                "g": 0.41911762952804568,
                "b": 0.41911762952804568,
                "a": 1.0
            }
        },
        {
            "category": 5,
            "partName": "",
            "partPackage": "",
            "color1": {
                "r": 0.3019607961177826,
                "g": 0.1921568661928177,
                "b": 0.1921568661928177,
                "a": 1.0
            },
            "color2": {
                "r": 0.3019607961177826,
                "g": 0.1921568661928177,
                "b": 0.1921568661928177,
                "a": 1.0
            },
            "color3": {
                "r": 0.3019607961177826,
                "g": 0.1921568661928177,
                "b": 0.1921568661928177,
                "a": 1.0
            }
        },
        {
            "category": 6,
            "partName": "Fantasy Set 02",
            "partPackage": "Fantasy",
            "color1": {
                "r": 0.11764704436063767,
                "g": 0.17254900932312013,
                "b": 0.25882354378700259,
                "a": 1.0
            },
            "color2": {
                "r": 0.6441932916641235,
                "g": 0.5889520645141602,
                "b": 0.34478890895843508,
                "a": 1.0
            },
            "color3": {
                "r": 0.11764704436063767,
                "g": 0.17254900932312013,
                "b": 0.25882354378700259,
                "a": 1.0
            }
        },
        {
            "category": 7,
            "partName": "14",
            "partPackage": "Base",
            "color1": {
                "r": 0.9974457025527954,
                "g": 0.563683807849884,
                "b": 0.5417766571044922,
                "a": 1.0
            },
            "color2": {
                "r": 0.9974457025527954,
                "g": 0.563683807849884,
                "b": 0.5417766571044922,
                "a": 1.0
            },
            "color3": {
                "r": 0.9974457025527954,
                "g": 0.563683807849884,
                "b": 0.5417766571044922,
                "a": 1.0
            }
        },
        {
            "category": 8,
            "partName": "",
            "partPackage": "",
            "color1": {
                "r": 0.5,
                "g": 0.5,
                "b": 0.5,
                "a": 1.0
            },
            "color2": {
                "r": 0.5,
                "g": 0.5,
                "b": 0.5,
                "a": 1.0
            },
            "color3": {
                "r": 0.5,
                "g": 0.5,
                "b": 0.5,
                "a": 1.0
            }
        },
        {
            "category": 9,
            "partName": "00",
            "partPackage": "Base",
            "color1": {
                "r": 0.8784313797950745,
                "g": 0.4745098352432251,
                "b": 0.4549019932746887,
                "a": 1.0
            },
            "color2": {
                "r": 0.8784313797950745,
                "g": 0.4745098352432251,
                "b": 0.4549019932746887,
                "a": 1.0
            },
            "color3": {
                "r": 0.8784313797950745,
                "g": 0.4745098352432251,
                "b": 0.4549019932746887,
                "a": 1.0
            }
        },
        {
            "category": 10,
            "partName": "01",
            "partPackage": "Base",
            "color1": {
                "r": 0.5,
                "g": 0.5,
                "b": 0.5,
                "a": 1.0
            },
            "color2": {
                "r": 0.5,
                "g": 0.5,
                "b": 0.5,
                "a": 1.0
            },
            "color3": {
                "r": 0.5,
                "g": 0.5,
                "b": 0.5,
                "a": 1.0
            }
        },
        {
            "category": 11,
            "partName": "Fantasy 09 Female",
            "partPackage": "Fantasy",
            "color1": {
                "r": 0.16470588743686677,
                "g": 0.11372549086809159,
                "b": 0.10588235408067703,
                "a": 1.0
            },
            "color2": {
                "r": 0.16470588743686677,
                "g": 0.11372549086809159,
                "b": 0.10588235408067703,
                "a": 1.0
            },
            "color3": {
                "r": 0.31078654527664187,
                "g": 0.21874187886714936,
                "b": 0.204581156373024,