{
    "dataVersion": 1,
    "bodyType": 1,
    "skinColor": {
        "r": 1.0,
        "g": 0.7647058963775635,
        "b": 0.6392157077789307,
        "a": 1.0
    },
    "tintColor": {
        "r": 1.0,
        "g": 1.0,
        "b": 1.0,
        "a": 1.0
    },
    "slotData": [
        {
            "category": 0,
            "partName": "Fantasy 07 Female",
            "partPackage": "Fantasy",
            "color1": {
                "r": 0.9458471536636353,
                "g": 0.9458471536636353,
                "b": 0.9458471536636353,
                "a": 1.0
            },
            "color2": {
                "r": 0.5767181515693665,
                "g": 0.1255490630865097,
                "b": 0.14058803021907807,
                "a": 1.0
            },
            "color3": {
                "r": 0.4735207259654999,
                "g": 0.06549406796693802,
                "b": 0.06549406796693802,
                "a": 1.0
            }
        },
        {
            "category": 1,
            "partName": "Fantasy Set 02",
            "partPackage": "Fantasy",
            "color1": {
                "r": 0.39016905426979067,
                "g": 0.05086818337440491,
                "b": 0.05086818337440491,
                "a": 1.0
            },
            "color2": {
                "r": 0.874402642250061,
                "g": 0.874402642250061,
                "b": 0.874402642250061,
                "a": 1.0
            },
            "color3": {
                "r": 0.4139837622642517,
                "g": 0.03754153102636337,
                "b": 0.03754153102636337,
                "a": 1.0
            }
        },
        {
            "category": 2,
            "partName": "00",
            "partPackage": "Base",
            "color1": {
                "r": 0.5,
                "g": 0.5,
                "b": 0.5,
                "a": 1.0
            },
            "color2": {
                "r": 0.5,
                "g": 0.5,
                "b": 0.5,
                "a": 1.0
            },
            "color3": {
                "r": 0.5,
                "g": 0.5,
                "b": 0.5,
                "a": 1.0
            }
        },
        {
            "category": 3,
            "partName": "01",
            "partPackage": "Base",
            "color1": {
                "r": 0.29490986466407778,
                "g": 0.29490986466407778,
                "b": 0.29490986466407778,
                "a": 1.0
            },
            "color2": {
                "r": 0.29490986466407778,
                "g": 0.29490986466407778,
                "b": 0.29490986466407778,
                "a": 1.0
            },
            "color3": {
                "r": 0.29490986466407778,
                "g": 0.29490986466407778,
                "b": 0.29490986466407778,
                "a": 1.0
            }
        },
        {
            "category": 4,
            "partName": "00",
            "partPackage": "Base",
            "color1": {
                "r": 0.41911762952804568,
                "g": 0.41911762952804568,
                "b": 0.41911762952804568,
                "a": 1.0
            },
            "color2": {
                "r": 0.41911762952804568,
                "g": 0.41911762952804568,
                "b": 0.41911762952804568,
                "a": 1.0
            },
            "color3": {
                "r": 0.41911762952804568,
                "g": 0.41911762952804568,
                "b": 0.41911762952804568,
                "a": 1.0
            }
        },
        {
            "category": 5,
            "partName": "",
            "partPackage": "",
            "color1": {
                "r": 0.3019607961177826,
                "g": 0.1921568661928177,
                "b": 0.1921568661928177,
                "a": 1.0
            },
            "color2": {
                "r": 0.3019607961177826,
                "g": 0.1921568661928177,
                "b": 0.1921568661928177,
                "a": 1.0
            },
            "color3": {
                "r": 0.3019607961177826,
                "g": 0.1921568661928177,
                "b": 0.1921568661928177,
                "a": 1.0
            }
        },
        {
            "category": 6,
            "partName": "Fantasy Set 02",
            "partPackage": "Fantasy",
            "color1": {
                "r": 0.4745097756385803,
                "g": 0.06666664779186249,
                "b": 0.06666664779186249,
                "a": 1.0
            },
            "color2": {
                "r": 0.8863102197647095,
                "g": 0.8863102197647095,
                "b": 0.8863102197647095,
                "a": 1.0
            },
            "color3": {
                "r": 1.0,
                "g": 1.0,
                "b": 1.0,
                "a": 1.0
            }
        },
        {
            "category": 7,
            "partName": "19",
            "partPackage": "Base",
            "color1": {
                "r": 0.1043916866183281,
                "g": 0.09565015882253647,
                "b": 0.09565015882253647,
                "a": 1.0
            },
            "color2": {
                "r": 0.1043916866183281,
                "g": 0.09565015882253647,
                "b": 0.09565015882253647,
                "a": 1.0
            },
            "color3": {
                "r": 0.1043916866183281,
                "g": 0.09565015882253647,
                "b": 0.09565015882253647,
                "a": 1.0
            }
        },
        {
            "category": 8,
            "partName": "",
            "partPackage": "",
            "color1": {
                "r": 0.5,
                "g": 0.5,
                "b": 0.5,
                "a": 1.0
            },
            "color2": {
                "r": 0.5,
                "g": 0.5,
                "b": 0.5,
                "a": 1.0
            },
            "color3": {
                "r": 0.5,
                "g": 0.5,
                "b": 0.5,
                "a": 1.0
            }
        },
        {
            "category": 9,
            "partName": "00",
            "partPackage": "Base",
            "color1": {
                "r": 0.7553287744522095,
                "g": 0.27470487356185915,
                "b": 0.25137361884117129,
                "a": 1.0
            },
            "color2": {
                "r": 0.7553287744522095,
                "g": 0.27470487356185915,
                "b": 0.25137361884117129,
                "a": 1.0
            },
            "color3": {
                "r": 0.7553287744522095,
                "g": 0.27470487356185915,
                "b": 0.25137361884117129,
                "a": 1.0
            }
        },
        {
            "category": 10,
            "partName": "01",
            "partPackage": "Base",
            "color1": {
                "r": 0.5,
                "g": 0.5,
                "b": 0.5,
                "a": 1.0
            },
            "color2": {
                "r": 0.5,
                "g": 0.5,
                "b": 0.5,
                "a": 1.0
            },
            "color3": {
                "r": 0.5,
                "g": 0.5,
                "b": 0.5,
                "a": 1.0
            }
        },
        {
            "category": 11,
            "partName": "Fantasy 03 Female",
            "partPackage": "Fantasy",
            "color1": {
                "r": 1.0,
                "g": 1.0,
                "b": 1.0,
                "a": 1.0
            },
            "color2": {
                "r": 0.4745098054409027,
                "g": 0.06666667014360428,
                "b": 0.06666667014360428,
                "a": 1.0
            },
            "color3": {
                "r": 0.7196067571640015,
                "g": 0.6127077341079712,
                "b": 0.262334942817688,
                "a": 1.0
            }
        },
        {
            "category": 12,