{
    "dataVersion": 1,
    "bodyType": 1,
    "skinColor": {
        "r": 1.0,
        "g": 0.7647058963775635,
        "b": 0.6392157077789307,
        "a": 1.0
    },
    "tintColor": {
        "r": 1.0,
        "g": 1.0,
        "b": 1.0,
        "a": 1.0
    },
    "slotData": [
        {
            "category": 0,
            "partName": "Fantasy 10 Female",
            "partPackage": "Fantasy",
            "color1": {
                "r": 0.45678797364234927,
                "g": 0.3979581594467163,
                "b": 0.23827721178531648,
                "a": 1.0
            },
            "color2": {
                "r": 0.8116970062255859,
                "g": 0.7556391954421997,
                "b": 0.6737084984779358,
                "a": 1.0
            },
            "color3": {
                "r": 0.45096978545188906,
                "g": 0.3261306881904602,
                "b": 0.28771868348121645,
                "a": 1.0
            }
        },
        {
            "category": 1,
            "partName": "Fantasy 09",
            "partPackage": "Fantasy",
            "color1": {
                "r": 0.4549019932746887,
                "g": 0.3960784673690796,
                "b": 0.2392157018184662,
                "a": 1.0
            },
            "color2": {
                "r": 0.8117647171020508,
                "g": 0.7568627595901489,
                "b": 0.6745098233222961,
                "a": 1.0
            },
            "color3": {
                "r": 0.45098036527633669,
                "g": 0.32549017667770388,
                "b": 0.2862745225429535,
                "a": 1.0
            }
        },
        {
            "category": 2,
            "partName": "00",
            "partPackage": "Base",
            "color1": {
                "r": 0.5,
                "g": 0.5,
                "b": 0.5,
                "a": 1.0
            },
            "color2": {
                "r": 0.5,
                "g": 0.5,
                "b": 0.5,
                "a": 1.0
            },
            "color3": {
                "r": 0.5,
                "g": 0.5,
                "b": 0.5,
                "a": 1.0
            }
        },
        {
            "category": 3,
            "partName": "01",
            "partPackage": "Base",
            "color1": {
                "r": 0.6022425293922424,
                "g": 0.38012757897377016,
                "b": 0.25458431243896487,
                "a": 1.0
            },
            "color2": {
                "r": 0.6022425293922424,
                "g": 0.38012757897377016,
                "b": 0.25458431243896487,
                "a": 1.0
            },
            "color3": {
                "r": 0.6022425293922424,
                "g": 0.38012757897377016,
                "b": 0.25458431243896487,
                "a": 1.0
            }
        },
        {
            "category": 4,
            "partName": "00",
            "partPackage": "Base",
            "color1": {
                "r": 0.5615152716636658,
                "g": 0.4685821831226349,
                "b": 0.38111570477485659,
                "a": 1.0
            },
            "color2": {
                "r": 0.5615152716636658,
                "g": 0.4685821831226349,
                "b": 0.38111570477485659,
                "a": 1.0
            },
            "color3": {
                "r": 0.5615152716636658,
                "g": 0.4685821831226349,
                "b": 0.38111570477485659,
                "a": 1.0
            }
        },
        {
            "category": 5,
            "partName": "",
            "partPackage": "",
            "color1": {
                "r": 0.3019607961177826,
                "g": 0.1921568661928177,
                "b": 0.1921568661928177,
                "a": 1.0
            },
            "color2": {
                "r": 0.3019607961177826,
                "g": 0.1921568661928177,
                "b": 0.1921568661928177,
                "a": 1.0
            },
            "color3": {
                "r": 0.3019607961177826,
                "g": 0.1921568661928177,
                "b": 0.1921568661928177,
                "a": 1.0
            }
        },
        {
            "category": 6,
            "partName": "",
            "partPackage": "",
            "color1": {
                "r": 0.5,
                "g": 0.5,
                "b": 0.5,
                "a": 1.0
            },
            "color2": {
                "r": 0.5,
                "g": 0.5,
                "b": 0.5,
                "a": 1.0
            },
            "color3": {
                "r": 0.5,
                "g": 0.5,
                "b": 0.5,
                "a": 1.0
            }
        },
        {
            "category": 7,
            "partName": "13",
            "partPackage": "Base",
            "color1": {
                "r": 0.6022425293922424,
                "g": 0.38012757897377016,
                "b": 0.25458431243896487,
                "a": 1.0
            },
            "color2": {
                "r": 0.6022425293922424,
                "g": 0.38012757897377016,
                "b": 0.25458431243896487,
                "a": 1.0
            },
            "color3": {
                "r": 0.6022425293922424,
                "g": 0.38012757897377016,
                "b": 0.25458431243896487,
                "a": 1.0
            }
        },
        {
            "category": 8,
            "partName": "",
            "partPackage": "",
            "color1": {
                "r": 0.5,
                "g": 0.5,
                "b": 0.5,
                "a": 1.0
            },
            "color2": {
                "r": 0.5,
                "g": 0.5,
                "b": 0.5,
                "a": 1.0
            },
            "color3": {
                "r": 0.5,
                "g": 0.5,
                "b": 0.5,
                "a": 1.0
            }
        },
        {
            "category": 9,
            "partName": "00",
            "partPackage": "Base",
            "color1": {
                "r": 0.9047880172729492,
                "g": 0.46180590987205508,
                "b": 0.4193281829357147,
                "a": 1.0
            },
            "color2": {
                "r": 0.9047880172729492,
                "g": 0.46180590987205508,
                "b": 0.4193281829357147,
                "a": 1.0
            },
            "color3": {
                "r": 0.9047880172729492,
                "g": 0.46180590987205508,
                "b": 0.4193281829357147,
                "a": 1.0
            }
        },
        {
            "category": 10,
            "partName": "01",
            "partPackage": "Base",
            "color1": {
                "r": 0.5,
                "g": 0.5,
                "b": 0.5,
                "a": 1.0
            },
            "color2": {
                "r": 0.5,
                "g": 0.5,
                "b": 0.5,
                "a": 1.0
            },
            "color3": {
                "r": 0.5,
                "g": 0.5,
                "b": 0.5,
                "a": 1.0
            }
        },
        {
            "category": 11,
            "partName": "Fantasy 05 Female",
            "partPackage": "Fantasy",
            "color1": {
                "r": 0.16470588743686677,
                "g": 0.11372549086809159,
                "b": 0.10588235408067703,
                "a": 1.0
            },
            "color2": {
                "r": 0.4549019932746887,
                "g": 0.3960784673690796,
                "b": 0.2392157018184662,
                "a": 1.0
            },
            "color3": {
                "r": 0.45098036527633669,
                "g": 0.32549017667770388,
                "b": 0.2862745225429535,
                "a": 1.0
            }
        },
        {
            "category": 12,
            "partName": "",
            "partPackage": "",